"","Entry"
"1","BS911-78"
"2","BS616-69"
"3","BS812-57"
"4","BS911-62"
"5","BS814-127"
"6","BS810-7"
"7","BS713-98"
"8","BS713-101"
"9","BS616-77"
"10","BS715-143"
"11","BS714-123"
"12","BS616-67"
"13","BS911-69"
"14","BS911-98"
"15","BS911-115"
"16","BS713-93"
"17","BS716-145"
"18","BS911-107"
"19","BS811-32"
"20","BS911-124"
"21","BS813-117"
"22","BS911-109"
"23","BS616-60"
"24","BS710-53"
"25","BS813-87"
"26","BS911-82"
"27","BS911-77"
"28","BS911-66"
"29","BS807-1"
"30","BS812-47"
"31","BS813-97"
"32","BS906-7"
"33","BS613-11"
"34","BS811-20"
"35","BS613-6"
"36","BS614-24"
"37","BS614-33"
"38","BS614-34"
"39","BS614-39"
"40","BS615-44"
"41","BS615-46"
"42","BS710-21"
"43","BS713-90"
"44","BS811-21"
"45","BS811-25"
"46","BS811-33"
"47","BS811-41"
"48","BS812-45"
"49","BS812-53"
"50","BS813-112"
"51","BS814-130"
"52","BS814-134"
"53","BS814-140"
"54","BS906-3"
"55","BS908-14"
"56","BS908-19"
"57","BS911-38"
"58","BS911-88"
"59","BS911-91"
"60","BS911-95"
